{
    "loss": 0.547828733921051,
    "accuracy": 0.6881720423698425
}